index;id;title;type;release_year;age_certification;runtime;genres;production_countries;seasons;imdb_id;imdb_score;imdb_votes
19,tm156453,FTA,MOVIE,1972,R,97,"['comedy','documentation','music']",['US'],,tt0068562,6.2,411
21,tm356209,Singapore,MOVIE,1960,,158,"['drama','thriller','crime']",['IN'],,tt0268639,6.4,82
22,tm204541,Dark Waters,MOVIE,1956,,120,"['drama','action','romance','thriller']",['EG'],,tt0049761,6.7,590
14,tm96649,The Long Riders,MOVIE,1980,R,99,"['western','crime']",['US'],,tt0081071,6.9,11329
17,tm14491,The Queen,MOVIE,1968,,68,['documentation'],['US'],,tt0183686,7.2,1117
23,tm14350,Alexandria… Why?,MOVIE,1979,,133,['drama'],['EG'],,tt0077751,7.2,1689
15,tm16479,White Christmas,MOVIE,1954,,115,"['romance','comedy','music']",['US'],,tt0047673,7.5,42373
16,tm135083,Cairo Station,MOVIE,1958,,77,"['drama','crime','comedy']",['EG'],,tt0051390,7.5,4385
18,tm89386,Hitler: A Career,MOVIE,1977,PG,150,"['documentation','history','european']",['DE'],,tt0191182,7.5,2416
12,tm69778,Lupin the Third: The Castle of Cagliostro,MOVIE,1979,PG,100,"['comedy','animation','action','fantasy','family']",['JP'],,tt0079833,7.6,30277
20,tm27298,Saladin the Victorious,MOVIE,1963,,186,"['drama','war','action','history','romance']",['EG'],,tt0057357,7.6,2470
13,tm69997,Richard Pryor: Live in Concert,MOVIE,1979,R,78,"['comedy','documentation']",['US'],,tt0079807,8.1,5141
